file,window,cadence_reb,config,strat_roi,spy_roi,XLK_roi,vs_XLK,QQQ_roi,vs_QQQ,SMH_roi,vs_SMH,EWU_roi,vs_EWU,INIT_roi,vs_INIT,rand_pctile,rand_median_roi
psperm_0393_tech_gpt-51_2x_20-10_202410_20260706_143709_420427_w0.json,2024-10-01,1,20-10,38.3,18.985742153392327,30.04078795826084,8.259212041739158,26.021915709841913,12.278084290158084,40.30851578771295,-2.008515787712952,44.51500643825954,-6.215006438259543,33.059009805739606,5.240990194260391,51.4,37.30632161524454
psperm_0394_tech_gpt-51_2x_20-5_202410_20260706_155857_897000_w0.json,2024-10-01,1,20-5,34.73,18.985742153392327,30.04078795826084,4.689212041739157,26.021915709841913,8.708084290158084,40.30851578771295,-5.578515787712952,44.51500643825954,-9.785006438259543,32.98454636350709,1.745453636492904,48.199999999999996,35.53462033523222
psperm_0395_tech_gpt-51_2x_10-5_202410_20260706_164903_731983_w0.json,2024-10-01,1,10-5,36.38,18.985742153392327,30.04078795826084,6.339212041739163,26.021915709841913,10.35808429015809,40.30851578771295,-3.9285157877129464,44.51500643825954,-8.135006438259538,39.111039549181555,-2.7310395491815527,51.5,35.53462033523222
psperm_0400_tech_gpt-51_4x_20-10_202410_20260706_123330_962342_w0.json,2024-10-01,3,20-10,33.24,18.985742153392327,30.04078795826084,3.1992120417391625,26.021915709841913,7.218084290158089,40.30851578771295,-7.068515787712947,44.51500643825954,-11.275006438259538,32.14876490763183,1.0912350923681728,38.800000000000004,37.30632161524454
psperm_0401_tech_gpt-51_4x_20-5_202410_20260706_141310_992687_w0.json,2024-10-01,3,20-5,30.25,18.98572079817078,30.04078795826084,0.20921204173916053,26.021915709841913,4.228084290158087,40.30851578771295,-10.058515787712949,44.51500643825954,-14.26500643825954,32.108494708008266,-1.8584947080082657,37.5,35.53462033523222
psperm_0402_tech_gpt-51_4x_10-5_202410_20260706_165128_866825_w0.json,2024-10-01,3,10-5,29.42,18.985742153392327,30.04078795826084,-0.6207879582608378,26.021915709841913,3.3980842901580885,40.30851578771295,-10.888515787712947,44.51500643825954,-15.095006438259539,40.168111519057646,-10.748111519057645,35.199999999999996,35.53462033523222
psperm_0407_tech_gpt-51_6x_20-10_202410_20260707_115128_311945_w0.json,2024-10-01,5,20-10,38.22,18.985742153392327,30.04078795826084,8.17921204173916,26.021915709841913,12.198084290158086,40.30851578771295,-2.08851578771295,44.51500643825954,-6.295006438259541,34.10136789975954,4.118632100240461,51.300000000000004,37.30632161524454
psperm_0408_tech_gpt-51_6x_20-5_202410_20260706_192458_250970_w0.json,2024-10-01,5,20-5,42.06,18.98572079817078,30.04078795826084,12.019212041739163,26.021915709841913,16.03808429015809,40.30851578771295,1.7514842122870533,44.51500643825954,-2.455006438259538,21.647331766689064,20.41266823331094,63.6,35.53462033523222
psperm_0409_tech_gpt-51_6x_10-5_202410_20260706_192908_327771_w0.json,2024-10-01,5,10-5,28.62,18.985763508621535,30.04078795826084,-1.4207879582608385,26.021915709841913,2.598084290158088,40.30851578771295,-11.688515787712948,44.51500643825954,-15.89500643825954,48.385028074489554,-19.765028074489553,33.7,35.53462033523222
psperm_0414_tech_gpt-51_12x_20-10_202410_20260707_154654_118643_w0.json,2024-10-01,11,20-10,31.85,18.985763508621535,30.04078795826084,1.809212041739162,26.021915709841913,5.828084290158088,40.30851578771295,-8.458515787712948,44.51500643825954,-12.665006438259539,33.12473947745502,-1.2747394774550216,34.0,37.30632161524454
psperm_0477_tech_gpt-51_2x_20-10_202411_20260706_143844_692776_w0.json,2024-11-01,1,20-10,39.86,20.893847520065844,35.13905370156358,4.7209462984364166,29.755031935010102,10.104968064989897,48.98017050907364,-9.120170509073638,51.86358876466504,-12.00358876466504,49.748045825493506,-9.888045825493506,33.4,48.135016931232286
psperm_0478_tech_gpt-51_2x_20-5_202411_20260706_160006_265253_w0.json,2024-11-01,1,20-5,47.58,20.89384378598904,35.13905370156358,12.440946298436415,29.755031935010102,17.824968064989896,48.98017050907364,-1.4001705090736394,51.86358876466504,-4.283588764665041,37.38911038022698,10.190889619773017,55.900000000000006,44.34485826187962
psperm_0479_tech_gpt-51_2x_10-5_202411_20260706_165241_716464_w0.json,2024-11-01,1,10-5,51.31,20.893847520065844,35.13905370156358,16.17094629843642,29.755031935010102,21.5549680649899,48.98017050907364,2.3298294909263646,51.86358876466504,-0.5535887646650366,50.402004255926215,0.9079957440737871,63.1,44.34485826187962
psperm_0484_tech_gpt-51_4x_20-10_202411_20260706_123734_350673_w0.json,2024-11-01,3,20-10,37.61,20.893825914331842,35.13905370156358,2.4709462984364166,29.755031935010102,7.854968064989897,48.98017050907364,-11.370170509073638,51.86358876466504,-14.25358876466504,39.69548792874903,-2.085487928749032,27.800000000000004,48.135016931232286
psperm_0485_tech_gpt-51_4x_20-5_202411_20260706_141606_902034_w0.json,2024-11-01,3,20-5,26.87,20.893825914331842,35.13905370156358,-8.269053701563582,29.755031935010102,-2.885031935010101,48.98017050907364,-22.110170509073637,51.86358876466504,-24.993588764665038,35.52366694414937,-8.653666944149368,18.4,44.34485826187962
psperm_0486_tech_gpt-51_4x_10-5_202411_20260706_165452_370833_w0.json,2024-11-01,3,10-5,36.76,20.893825914331842,35.13905370156358,1.6209462984364151,29.755031935010102,7.004968064989896,48.98017050907364,-12.22017050907364,51.86358876466504,-15.10358876466504,38.50830303542878,-1.7483030354287834,36.8,44.34485826187962
psperm_0491_tech_gpt-51_6x_20-10_202411_20260707_115059_284687_w1.json,2024-11-01,5,20-10,48.2,20.893825914331842,35.13905370156358,13.06094629843642,29.755031935010102,18.4449680649899,48.98017050907364,-0.7801705090736348,51.86358876466504,-3.663588764665036,46.099734077950785,2.1002659220492177,50.1,48.135016931232286
psperm_0492_tech_gpt-51_6x_20-5_202411_20260706_194600_481655_w0.json,2024-11-01,5,20-5,40.59,20.893847520065844,35.13905370156358,5.4509462984364205,29.755031935010102,10.834968064989901,48.98017050907364,-8.390170509073634,51.86358876466504,-11.273588764665035,38.96402636157191,1.6259736384280927,42.9,44.34485826187962
psperm_0493_tech_gpt-51_6x_10-5_202411_20260707_111502_818236_w0.json,2024-11-01,5,10-5,36.54,20.893825914331842,35.13905370156358,1.4009462984364163,29.755031935010102,6.784968064989897,48.98017050907364,-12.440170509073639,51.86358876466504,-15.32358876466504,43.46532866933606,-6.925328669336061,36.1,44.34485826187962
psperm_0498_tech_gpt-51_12x_20-10_202411_20260707_154632_567518_w1.json,2024-11-01,11,20-10,46.2,20.893825914331842,35.13905370156358,11.06094629843642,29.755031935010102,16.4449680649899,48.98017050907364,-2.780170509073635,51.86358876466504,-5.663588764665036,39.04200936068972,7.157990639310285,47.099999999999994,48.135016931232286
psperm_0561_tech_gpt-51_2x_20-10_202412_20260706_144030_516530_w0.json,2024-12-01,1,20-10,30.8,14.066631590764311,22.13132845206738,8.668671547932622,20.41778823519287,10.382211764807131,43.02836522239644,-12.228365222396437,34.52564626166104,-3.725646261661037,36.844228168660834,-6.044228168660833,39.6,34.285135841707856
psperm_0562_tech_gpt-51_2x_20-5_202412_20260706_160119_274680_w0.json,2024-12-01,1,20-5,34.82,14.066631590764311,22.13132845206738,12.688671547932621,20.41778823519287,14.40221176480713,43.02836522239644,-8.208365222396438,34.52564626166104,0.2943537383389625,34.31625456666063,0.5037454333393683,51.7,33.911660725600484
psperm_0563_tech_gpt-51_2x_10-5_202412_20260706_165607_708279_w0.json,2024-12-01,1,10-5,35.63,14.066633968977094,22.13132845206738,13.498671547932624,20.41778823519287,15.212211764807133,43.02836522239644,-7.398365222396436,34.52564626166104,1.1043537383389648,46.11429322743885,-10.484293227438847,53.5,33.911660725600484
psperm_0568_tech_gpt-51_4x_20-10_202412_20260706_124227_207373_w0.json,2024-12-01,3,20-10,30.33,14.066631590764311,22.13132845206738,8.19867154793262,20.41778823519287,9.912211764807129,43.02836522239644,-12.69836522239644,34.52564626166104,-4.1956462616610395,32.2581447112382,-1.928144711238204,37.3,34.285135841707856
psperm_0569_tech_gpt-51_4x_20-5_202412_20260706_141857_287481_w0.json,2024-12-01,3,20-5,30.96,14.066650875745212,22.13132845206738,8.828671547932622,20.41778823519287,10.542211764807131,43.02836522239644,-12.068365222396437,34.52564626166104,-3.565646261661037,48.074105410675486,-17.114105410675485,44.7,33.911660725600484
psperm_0570_tech_gpt-51_4x_10-5_202412_20260706_165830_502490_w0.json,2024-12-01,3,10-5,23.86,14.066633968977094,22.13132845206738,1.7286715479326205,20.41778823519287,3.44221176480713,43.02836522239644,-19.16836522239644,34.52564626166104,-10.665646261661038,45.25678005891555,-21.396780058915553,30.5,33.911660725600484
psperm_0575_tech_gpt-51_6x_20-10_202412_20260707_115533_675741_w1.json,2024-12-01,5,20-10,33.45,14.066650875745212,22.13132845206738,11.318671547932624,20.41778823519287,13.032211764807133,43.02836522239644,-9.578365222396435,34.52564626166104,-1.075646261661035,36.21408102026649,-2.764081020266488,47.9,34.285135841707856
psperm_0576_tech_gpt-51_6x_20-5_202412_20260707_111559_666479_w1.json,2024-12-01,5,20-5,32.22,14.066650875745212,22.13132845206738,10.08867154793262,20.41778823519287,11.80221176480713,43.02836522239644,-10.80836522239644,34.52564626166104,-2.305646261661039,19.229292597673165,12.990707402326834,47.699999999999996,33.911660725600484
psperm_0577_tech_gpt-51_6x_10-5_202412_20260707_111739_455095_w0.json,2024-12-01,5,10-5,34.03,14.066633968977094,22.13132845206738,11.898671547932622,20.41778823519287,13.612211764807132,43.02836522239644,-8.998365222396437,34.52564626166104,-0.49564626166103665,46.357411723500434,-12.327411723500433,50.1,33.911660725600484
psperm_0582_tech_gpt-51_12x_20-10_202412_20260707_155939_635040_w1.json,2024-12-01,11,20-10,38.52,14.066633968977094,22.13132845206738,16.388671547932624,20.41778823519287,18.102211764807134,43.02836522239644,-4.508365222396435,34.52564626166104,3.9943537383389653,33.00110601439596,5.518893985604045,60.099999999999994,34.285135841707856
psperm_0645_tech_gpt-51_2x_20-10_202501_20260706_144143_514545_w0.json,2025-01-01,1,20-10,32.7,18.009010098303847,24.901377006298485,7.7986229937015175,21.009251512367833,11.69074848763217,47.57571441237847,-14.875714412378464,41.054844013773284,-8.354844013773281,43.047969457942145,-10.347969457942142,31.6,39.598040482717366
psperm_0646_tech_gpt-51_2x_20-5_202501_20260706_160235_831633_w0.json,2025-01-01,1,20-5,33.33,18.009010098303847,24.901377006298485,8.428622993701513,21.009251512367833,12.320748487632166,47.57571441237847,-14.245714412378469,41.054844013773284,-7.724844013773286,40.18633099086844,-6.856330990868443,41.0,38.92514333352527
psperm_0647_tech_gpt-51_2x_10-5_202501_20260706_170003_360505_w0.json,2025-01-01,1,10-5,25.94,18.008989567842427,24.901377006298485,1.038622993701516,21.009251512367833,4.930748487632169,47.57571441237847,-21.635714412378466,41.054844013773284,-15.114844013773283,30.188339505703595,-4.248339505703594,29.2,38.92514333352527
psperm_0652_tech_gpt-51_4x_20-10_202501_20260706_124842_182960_w0.json,2025-01-01,3,20-10,41.65,18.009010098303847,24.901377006298485,16.748622993701513,21.009251512367833,20.640748487632166,47.57571441237847,-5.925714412378468,41.054844013773284,0.5951559862267146,47.48537436981533,-5.835374369815334,55.800000000000004,39.598040482717366
psperm_0653_tech_gpt-51_4x_20-5_202501_20260706_142116_382366_w0.json,2025-01-01,3,20-5,34.57,18.009010098303847,24.901377006298485,9.668622993701515,21.009251512367833,13.560748487632168,47.57571441237847,-13.005714412378467,41.054844013773284,-6.484844013773284,18.275434823138383,16.294565176861617,42.199999999999996,38.92514333352527
psperm_0654_tech_gpt-51_4x_10-5_202501_20260706_170317_089041_w0.json,2025-01-01,3,10-5,31.86,18.008989567842427,24.901377006298485,6.958622993701514,21.009251512367833,10.850748487632167,47.57571441237847,-15.715714412378468,41.054844013773284,-9.194844013773285,51.80611198454207,-19.94611198454207,38.7,38.92514333352527
psperm_0659_tech_gpt-51_6x_20-10_202501_20260707_115645_507124_w0.json,2025-01-01,5,20-10,33.08,18.009010098303847,24.901377006298485,8.178622993701513,21.009251512367833,12.070748487632166,47.57571441237847,-14.495714412378469,41.054844013773284,-7.974844013773286,44.41700068228235,-11.337000682282351,32.7,39.598040482717366
psperm_0660_tech_gpt-51_6x_20-5_202501_20260707_111946_031301_w1.json,2025-01-01,5,20-5,28.65,18.009010098303847,24.901377006298485,3.748622993701513,21.009251512367833,7.640748487632166,47.57571441237847,-18.92571441237847,41.054844013773284,-12.404844013773285,51.873888261991965,-23.223888261991966,33.7,38.92514333352527
psperm_0661_tech_gpt-51_6x_10-5_202501_20260707_112012_549041_w0.json,2025-01-01,5,10-5,31.24,18.009030628772415,24.901377006298485,6.338622993701513,21.009251512367833,10.230748487632166,47.57571441237847,-16.33571441237847,41.054844013773284,-9.814844013773286,52.95047337179403,-21.710473371794034,37.7,38.92514333352527
psperm_0666_tech_gpt-51_12x_20-10_202501_20260707_160109_432539_w0.json,2025-01-01,11,20-10,37.4,18.009010098303847,24.901377006298485,12.498622993701513,21.009251512367833,16.390748487632166,47.57571441237847,-10.175714412378468,41.054844013773284,-3.6548440137732854,41.68802563487546,-4.28802563487546,44.0,39.598040482717366
psperm_0729_tech_gpt-51_2x_20-10_202502_20260706_144300_648699_w0.json,2025-02-01,1,20-10,56.97,17.11792204504068,27.164088184848744,29.805911815151255,20.63535843410098,36.33464156589902,69.49300150735777,-12.523001507357776,49.611236385816525,7.358763614183474,63.940404847569795,-6.970404847569796,64.2,47.85023505790308
psperm_0730_tech_gpt-51_2x_20-5_202502_20260706_163917_942804_w0.json,2025-02-01,1,20-5,35.14,17.11794197293386,27.164088184848744,7.975911815151257,20.63535843410098,14.504641565899021,69.49300150735777,-34.353001507357774,49.611236385816525,-14.471236385816525,89.0766174636982,-53.9366174636982,36.0,45.120543552537725
psperm_0731_tech_gpt-51_2x_10-5_202502_20260706_170522_612873_w0.json,2025-02-01,1,10-5,31.19,17.11794197293386,27.164088184848744,4.025911815151257,20.63535843410098,10.554641565899022,69.49300150735777,-38.30300150735778,49.611236385816525,-18.421236385816524,39.39024984544136,-8.200249845441359,29.5,45.120543552537725
psperm_0736_tech_gpt-51_4x_20-10_202502_20260706_125222_333883_w0.json,2025-02-01,3,20-10,38.58,17.11792204504068,27.164088184848744,11.415911815151254,20.63535843410098,17.94464156589902,69.49300150735777,-30.913001507357777,49.611236385816525,-11.031236385816527,74.89444312271857,-36.31444312271857,34.1,47.85023505790308
psperm_0737_tech_gpt-51_4x_20-5_202502_20260706_142359_164157_w0.json,2025-02-01,3,20-5,23.35,17.117961900833812,27.164088184848744,-3.8140881848487425,20.63535843410098,2.714641565899022,69.49300150735777,-46.14300150735777,49.611236385816525,-26.261236385816524,39.19055879270232,-15.840558792702318,20.0,45.120543552537725
psperm_0738_tech_gpt-51_4x_10-5_202502_20260706_170845_605429_w0.json,2025-02-01,3,10-5,30.91,17.11794197293386,27.164088184848744,3.7459118151512563,20.63535843410098,10.274641565899021,69.49300150735777,-38.58300150735778,49.611236385816525,-18.701236385816525,39.39024984544136,-8.48024984544136,29.099999999999998,45.120543552537725
psperm_0743_tech_gpt-51_6x_20-10_202502_20260707_120123_800488_w1.json,2025-02-01,5,20-10,31.14,17.11792204504068,27.164088184848744,3.9759118151512567,20.63535843410098,10.504641565899021,69.49300150735777,-38.353001507357774,49.611236385816525,-18.471236385816525,58.01653496732402,-26.87653496732402,20.3,47.85023505790308
psperm_0744_tech_gpt-51_6x_20-5_202502_20260707_112328_528238_w1.json,2025-02-01,5,20-5,24.43,17.11794197293386,27.164088184848744,-2.734088184848744,20.63535843410098,3.7946415658990205,69.49300150735777,-45.063001507357775,49.611236385816525,-25.181236385816526,60.74739973549569,-36.31739973549569,21.7,45.120543552537725
psperm_0745_tech_gpt-51_6x_10-5_202502_20260707_112259_575108_w0.json,2025-02-01,5,10-5,25.35,17.11794197293386,27.164088184848744,-1.8140881848487425,20.63535843410098,4.714641565899022,69.49300150735777,-44.14300150735777,49.611236385816525,-24.261236385816524,41.70533699995838,-16.355336999958375,23.200000000000003,45.120543552537725
psperm_0750_tech_gpt-51_12x_20-10_202502_20260707_171700_159779_w1.json,2025-02-01,11,20-10,46.89,17.11792204504068,27.164088184848744,19.725911815151257,20.63535843410098,26.25464156589902,69.49300150735777,-22.603001507357774,49.611236385816525,-2.7212363858165247,64.3575461337906,-17.467546133790606,47.8,47.85023505790308
psperm_0813_tech_gpt-51_2x_20-10_202503_20260706_144415_844424_w0.json,2025-03-01,1,20-10,23.75,18.89025100349475,27.703299032216222,-3.953299032216222,22.798510271527018,0.951489728472982,82.78752118759236,-59.03752118759236,54.030115728521764,-30.280115728521764,29.58633571230149,-5.836335712301491,6.5,53.1222943870722
psperm_0814_tech_gpt-51_2x_20-5_202503_20260706_164045_175583_w0.json,2025-03-01,1,20-5,24.1,18.89025100349475,27.703299032216222,-3.6032990322162206,22.798510271527018,1.3014897284729834,82.78752118759236,-58.68752118759236,54.030115728521764,-29.930115728521763,34.0934185194339,-9.993418519433895,21.9,48.24023672095581
psperm_0815_tech_gpt-51_2x_10-5_202503_20260706_171035_564384_w0.json,2025-03-01,1,10-5,23.48,18.89027171809936,27.703299032216222,-4.223299032216222,22.798510271527018,0.6814897284729824,82.78752118759236,-59.30752118759236,54.030115728521764,-30.550115728521764,32.97853968376788,-9.498539683767877,21.0,48.24023672095581
psperm_0820_tech_gpt-51_4x_20-10_202503_20260706_125852_018528_w0.json,2025-03-01,3,20-10,29.15,18.89025100349475,27.703299032216222,1.4467009677837765,22.798510271527018,6.3514897284729805,82.78752118759236,-53.63752118759236,54.030115728521764,-24.880115728521766,64.53155065243422,-35.38155065243422,10.6,53.1222943870722
psperm_0821_tech_gpt-51_4x_20-5_202503_20260706_142631_468554_w0.json,2025-03-01,3,20-5,19.77,18.89025100349475,27.703299032216222,-7.9332990322162225,22.798510271527018,-3.0285102715270185,82.78752118759236,-63.017521187592365,54.030115728521764,-34.26011572852177,34.26294444216015,-14.492944442160148,17.1,48.24023672095581
psperm_0822_tech_gpt-51_4x_10-5_202503_20260706_171405_104171_w0.json,2025-03-01,3,10-5,20.48,18.89025100349475,27.703299032216222,-7.223299032216222,22.798510271527018,-2.3185102715270176,82.78752118759236,-62.30752118759236,54.030115728521764,-33.55011572852176,34.0934185194339,-13.613418519433896,17.599999999999998,48.24023672095581
psperm_0827_tech_gpt-51_6x_20-10_202503_20260707_151200_795417_w0.json,2025-03-01,5,20-10,34.44,18.89025100349475,27.703299032216222,6.736700967783776,22.798510271527018,11.64148972847298,82.78752118759236,-48.34752118759236,54.030115728521764,-19.590115728521766,61.16528815649605,-26.72528815649605,16.5,53.1222943870722
psperm_0828_tech_gpt-51_6x_20-5_202503_20260707_112617_899215_w0.json,2025-03-01,5,20-5,22.57,18.89025100349475,27.703299032216222,-5.133299032216222,22.798510271527018,-0.22851027152701775,82.78752118759236,-60.21752118759236,54.030115728521764,-31.460115728521764,39.286622321126,-16.716622321126003,20.0,48.24023672095581
psperm_0829_tech_gpt-51_6x_10-5_202503_20260707_112603_541861_w1.json,2025-03-01,5,10-5,27.58,18.89025100349475,27.703299032216222,-0.12329903221622374,22.798510271527018,4.78148972847298,82.78752118759236,-55.20752118759236,54.030115728521764,-26.450115728521766,34.09340314067856,-6.513403140678562,26.0,48.24023672095581
psperm_0834_tech_gpt-51_12x_20-10_202503_20260707_173951_849649_w0.json,2025-03-01,11,20-10,35.35,18.89025100349475,27.703299032216222,7.646700967783779,22.798510271527018,12.551489728472983,82.78752118759236,-47.43752118759236,54.030115728521764,-18.680115728521763,31.28973913171356,4.060260868286441,17.5,53.1222943870722
psperm_0897_tech_gpt-51_2x_20-10_202504_20260706_144559_323949_w0.json,2025-04-01,1,20-10,44.4,18.143828397992003,30.46877002578443,13.931229974215569,24.209499244637158,20.19050075536284,85.03912970443177,-40.639129704431774,54.23753126441942,-9.837531264419418,58.53383858186544,-14.13383858186544,36.7,51.870551386643385
psperm_0898_tech_gpt-51_2x_20-5_202504_20260706_164224_650874_w0.json,2025-04-01,1,20-5,34.06,18.143828397992003,30.46877002578443,3.5912299742155724,24.209499244637158,9.850500755362845,85.03912970443177,-50.97912970443177,54.23753126441942,-20.177531264419414,39.23623301279932,-5.176233012799315,31.2,50.74940376327115
psperm_0899_tech_gpt-51_2x_10-5_202504_20260706_171603_483416_w0.json,2025-04-01,1,10-5,34.26,18.143828397992003,30.46877002578443,3.791229974215568,24.209499244637158,10.05050075536284,85.03912970443177,-50.779129704431774,54.23753126441942,-19.97753126441942,80.67320127238938,-46.41320127238938,31.4,50.74940376327115
psperm_0904_tech_gpt-51_4x_20-10_202504_20260706_130438_127856_w0.json,2025-04-01,3,20-10,32.13,18.143828397992003,30.46877002578443,1.6612299742155727,24.209499244637158,7.920500755362845,85.03912970443177,-52.90912970443177,54.23753126441942,-22.107531264419414,53.63984611414406,-21.50984611414406,14.799999999999999,51.870551386643385
psperm_0905_tech_gpt-51_4x_20-5_202504_20260706_142858_622059_w0.json,2025-04-01,3,20-5,30.79,18.143807041053563,30.46877002578443,0.3212299742155693,24.209499244637158,6.580500755362841,85.03912970443177,-54.24912970443177,54.23753126441942,-23.447531264419418,68.79585180300799,-38.00585180300799,27.1,50.74940376327115
psperm_0906_tech_gpt-51_4x_10-5_202504_20260706_171916_238275_w0.json,2025-04-01,3,10-5,31.67,18.143828397992003,30.46877002578443,1.2012299742155719,24.209499244637158,7.460500755362844,85.03912970443177,-53.36912970443177,54.23753126441942,-22.567531264419415,70.29923293636315,-38.62923293636315,28.199999999999996,50.74940376327115
psperm_0911_tech_gpt-51_6x_20-10_202504_20260707_120428_677566_w0.json,2025-04-01,5,20-10,27.98,18.143828397992003,30.46877002578443,-2.4887700257844294,24.209499244637158,3.7705007553628427,85.03912970443177,-57.05912970443177,54.23753126441942,-26.257531264419416,67.06579079971183,-39.08579079971183,9.700000000000001,51.870551386643385
psperm_0912_tech_gpt-51_6x_20-5_202504_20260707_112940_174667_w1.json,2025-04-01,5,20-5,32.36,18.143807041053563,30.46877002578443,1.8912299742155696,24.209499244637158,8.150500755362842,85.03912970443177,-52.67912970443177,54.23753126441942,-21.877531264419417,44.24573515992961,-11.88573515992961,28.9,50.74940376327115
psperm_0913_tech_gpt-51_6x_10-5_202504_20260707_112906_371281_w0.json,2025-04-01,5,10-5,23.82,18.143828397992003,30.46877002578443,-6.6487700257844295,24.209499244637158,-0.38949924463715746,85.03912970443177,-61.21912970443177,54.23753126441942,-30.417531264419416,26.93580202002346,-3.115802020023459,17.2,50.74940376327115
psperm_0918_tech_gpt-51_12x_20-10_202504_20260707_183623_354532_w0.json,2025-04-01,11,20-10,38.62,18.143828397992003,30.46877002578443,8.151229974215568,24.209499244637158,14.41050075536284,85.03912970443177,-46.419129704431775,54.23753126441942,-15.61753126441942,47.59217025454154,-8.972170254541545,24.2,51.870551386643385
psperm_0981_tech_gpt-51_2x_20-10_202505_20260706_144719_534075_w0.json,2025-05-01,1,20-10,86.42,30.519340443519916,52.82332215921859,33.59667784078141,40.63551916023131,45.78448083976869,140.8885277612655,-54.46852776126549,97.18475889551183,-10.764758895511832,145.8600234678024,-59.44002346780239,42.0,94.26089679741581
psperm_0982_tech_gpt-51_2x_20-5_202505_20260706_164417_018143_w0.json,2025-05-01,1,20-5,50.43,30.519340443519916,52.82332215921859,-2.3933221592185916,40.63551916023131,9.794480839768688,140.8885277612655,-90.45852776126549,97.18475889551183,-46.754758895511834,67.75223568699442,-17.322235686994425,25.4,80.92196952454498
psperm_0983_tech_gpt-51_2x_10-5_202505_20260706_172102_766388_w0.json,2025-05-01,1,10-5,77.94,30.519316743829037,52.82332215921859,25.116677840781406,40.63551916023131,37.30448083976869,140.8885277612655,-62.948527761265495,97.18475889551183,-19.244758895511836,75.85298682629355,2.0870131737064526,47.8,80.92196952454498
psperm_0988_tech_gpt-51_4x_20-10_202505_20260706_130836_855246_w0.json,2025-05-01,3,20-10,60.39,30.519316743829037,52.82332215921859,7.566677840781409,40.63551916023131,19.75448083976869,140.8885277612655,-80.49852776126549,97.18475889551183,-36.79475889551183,67.1039815520997,-6.713981552099696,16.2,94.26089679741581
psperm_0989_tech_gpt-51_4x_20-5_202505_20260706_143148_092561_w0.json,2025-05-01,3,20-5,41.91,30.519316743829037,52.82332215921859,-10.913322159218595,40.63551916023131,1.2744808397686853,140.8885277612655,-98.9785277612655,97.18475889551183,-55.27475889551184,61.864093176328055,-19.95409317632806,18.5,80.92196952454498
psperm_0990_tech_gpt-51_4x_10-5_202505_20260706_172417_156309_w0.json,2025-05-01,3,10-5,44.41,30.519316743829037,52.82332215921859,-8.413322159218595,40.63551916023131,3.7744808397686853,140.8885277612655,-96.4785277612655,97.18475889551183,-52.77475889551184,56.32717435425221,-11.91717435425221,20.0,80.92196952454498
psperm_0995_tech_gpt-51_6x_20-10_202505_20260707_151244_798906_w1.json,2025-05-01,5,20-10,64.29,30.519316743829037,52.82332215921859,11.466677840781415,40.63551916023131,23.654480839768695,140.8885277612655,-76.59852776126549,97.18475889551183,-32.89475889551183,79.41864284400012,-15.128642844000112,19.7,94.26089679741581
psperm_0996_tech_gpt-51_6x_20-5_202505_20260707_113205_786318_w0.json,2025-05-01,5,20-5,50.65,30.519316743829037,52.82332215921859,-2.1733221592185927,40.63551916023131,10.014480839768687,140.8885277612655,-90.23852776126549,97.18475889551183,-46.534758895511835,59.364685702515374,-8.714685702515375,25.6,80.92196952454498
psperm_0997_tech_gpt-51_6x_10-5_202505_20260707_113153_962019_w1.json,2025-05-01,5,10-5,61.69,30.519316743829037,52.82332215921859,8.866677840781406,40.63551916023131,21.054480839768686,140.8885277612655,-79.1985277612655,97.18475889551183,-35.494758895511836,41.23195194158558,20.45804805841442,34.599999999999994,80.92196952454498
psperm_1002_tech_gpt-51_12x_20-10_202505_20260707_172729_500554_w1.json,2025-05-01,11,20-10,68.52,30.519316743829037,52.82332215921859,15.696677840781405,40.63551916023131,27.884480839768685,140.8885277612655,-72.3685277612655,97.18475889551183,-28.664758895511838,122.39433511883115,-53.874335118831155,23.1,94.26089679741581
psperm_1065_tech_gpt-51_2x_20-10_202506_20260706_144851_341734_w0.json,2025-06-01,1,20-10,97.49,29.44534067242246,69.03090738482504,28.459092615174953,42.64542577903367,54.84457422096632,150.59648204967345,-53.10648204967346,116.3581010781511,-18.8681010781511,120.0734980661179,-22.58349806611791,42.4,107.84277176989569
psperm_1066_tech_gpt-51_2x_20-5_202506_20260706_164542_553329_w0.json,2025-06-01,1,20-5,50.35,29.445362819267373,69.03090738482504,-18.68090738482504,42.64542577903367,7.704574220966329,150.59648204967345,-100.24648204967346,116.3581010781511,-66.0081010781511,54.217233200123246,-3.867233200123245,20.8,100.86069618658115
psperm_1067_tech_gpt-51_2x_10-5_202506_20260706_172608_277130_w0.json,2025-06-01,1,10-5,41.35,29.44534067242246,69.03090738482504,-27.68090738482504,42.64542577903367,-1.2954257790336712,150.59648204967345,-109.24648204967346,116.3581010781511,-75.0081010781511,51.73623448094531,-10.386234480945312,14.2,100.86069618658115
psperm_1072_tech_gpt-51_4x_20-10_202506_20260706_132301_632291_w0.json,2025-06-01,3,20-10,62.32,29.44531852558516,69.03090738482504,-6.710907384825042,42.64542577903367,19.674574220966328,150.59648204967345,-88.27648204967346,116.3581010781511,-54.038101078151094,42.08985438246572,20.230145617534284,14.299999999999999,107.84277176989569
psperm_1073_tech_gpt-51_4x_20-5_202506_20260706_143454_618844_w0.json,2025-06-01,3,20-5,48.11,29.44534067242246,69.03090738482504,-20.920907384825043,42.64542577903367,5.464574220966327,150.59648204967345,-102.48648204967346,116.3581010781511,-68.2481010781511,50.433791427437654,-2.323791427437655,19.2,100.86069618658115
psperm_1074_tech_gpt-51_4x_10-5_202506_20260706_173008_318285_w0.json,2025-06-01,3,10-5,39.95,29.44531852558516,69.03090738482504,-29.08090738482504,42.64542577903367,-2.6954257790336698,150.59648204967345,-110.64648204967345,116.3581010781511,-76.40810107815109,50.53723285153481,-10.587232851534807,13.0,100.86069618658115
psperm_1079_tech_gpt-51_6x_20-10_202506_20260707_120710_207316_w1.json,2025-06-01,5,20-10,60.99,29.445362819267373,69.03090738482504,-8.04090738482504,42.64542577903367,18.34457422096633,150.59648204967345,-89.60648204967345,116.3581010781511,-55.36810107815109,51.03894580522993,9.951054194770073,13.600000000000001,107.84277176989569
psperm_1080_tech_gpt-51_6x_20-5_202506_20260707_113429_266739_w1.json,2025-06-01,5,20-5,54.25,29.44534067242246,69.03090738482504,-14.780907384825042,42.64542577903367,11.604574220966327,150.59648204967345,-96.34648204967345,116.3581010781511,-62.108101078151094,52.48233756705764,1.767662432942359,23.200000000000003,100.86069618658115
psperm_1081_tech_gpt-51_6x_10-5_202506_20260707_113413_331942_w0.json,2025-06-01,5,10-5,40.67,29.44531852558516,69.03090738482504,-28.36090738482504,42.64542577903367,-1.975425779033671,150.59648204967345,-109.92648204967345,116.3581010781511,-75.68810107815109,30.37162136042437,10.298378639575631,13.700000000000001,100.86069618658115
psperm_1086_tech_gpt-51_12x_20-10_202506_20260707_174346_602720_w1.json,2025-06-01,11,20-10,69.43,29.44531852558516,69.03090738482504,0.39909261517496475,42.64542577903367,26.784574220966334,150.59648204967345,-81.16648204967345,116.3581010781511,-46.92810107815109,53.61910345454112,15.810896545458888,19.2,107.84277176989569
